Date, na,Open,High,Low,Close,Volume
2014.11.16,00:00,0.95859,0.95991,0.95788,0.95923,2152
2014.11.17,00:00,0.95924,0.96539,0.95517,0.96481,47761
2014.11.18,00:00,0.96475,0.96489,0.95740,0.95850,29295
2014.11.19,00:00,0.95849,0.96003,0.95295,0.95790,46385
2014.11.20,00:00,0.95789,0.96053,0.95524,0.95838,66955
2014.11.21,00:00,0.95841,0.97085,0.95624,0.96952,66246
2014.11.23,00:00,0.97218,0.97295,0.97139,0.97164,2892
2014.11.24,00:00,0.97159,0.97201,0.96621,0.96705,50602
2014.11.25,00:00,0.96704,0.96971,0.96341,0.96353,30614
2014.11.26,00:00,0.96349,0.96652,0.95942,0.96122,35890
2014.11.27,00:00,0.96122,0.96488,0.95980,0.96460,42169
2014.11.28,00:00,0.96459,0.96699,0.96208,0.96463,46873
2014.11.30,00:00,0.96501,0.96815,0.96479,0.96774,3097
2014.12.01,00:00,0.96774,0.96871,0.96145,0.96456,59811
2014.12.02,00:00,0.96457,0.97292,0.96409,0.97188,47414
2014.12.03,00:00,0.97189,0.97824,0.97140,0.97721,53788
2014.12.04,00:00,0.97721,0.97939,0.96485,0.97070,66228
2014.12.05,00:00,0.97069,0.97991,0.97015,0.97863,54722
2014.12.07,00:00,0.97883,0.97927,0.97747,0.97837,2208
2014.12.08,00:00,0.97840,0.98172,0.97375,0.97624,52422
2014.12.09,00:00,0.97624,0.97772,0.96531,0.97043,68448
2014.12.10,00:00,0.97044,0.97217,0.96375,0.96398,64670
2014.12.11,00:00,0.96397,0.97101,0.96269,0.96918,68541
2014.12.12,00:00,0.96919,0.96987,0.96181,0.96371,64298
2014.12.14,00:00,0.96304,0.96414,0.96175,0.96373,3817
2014.12.15,00:00,0.96374,0.96734,0.96236,0.96540,65906
2014.12.16,00:00,0.96541,0.96562,0.95527,0.95979,81888
2014.12.17,00:00,0.95979,0.97443,0.95940,0.97334,79252
2014.12.18,00:00,0.97335,0.98471,0.97211,0.97983,74550
2014.12.19,00:00,0.97984,0.98455,0.97838,0.98348,51902
2014.12.21,00:00,0.98411,0.98451,0.98393,0.98437,673
2014.12.22,00:00,0.98438,0.98490,0.98046,0.98434,14163
2014.12.23,00:00,0.98428,0.98858,0.98256,0.98750,17030
2014.12.24,00:00,0.98739,0.98809,0.98393,0.98553,28498
2014.12.25,00:00,0.98444,0.98521,0.98332,0.98491,1507
2014.12.26,00:00,0.98500,0.98834,0.98358,0.98712,25282
2014.12.28,00:00,0.98708,0.98836,0.98647,0.98826,1515
2014.12.29,00:00,0.98824,0.99071,0.98425,0.98971,39212
2014.12.30,00:00,0.98971,0.99190,0.98672,0.98858,41181
2014.12.31,00:00,0.98858,0.99383,0.98788,0.99375,26462
2015.01.01,00:00,0.99365,0.99518,0.99335,0.99451,1348
2015.01.02,00:00,0.99404,1.00164,0.99363,1.00124,49238
2015.01.04,00:00,1.00111,1.02893,1.00111,1.00575,4277
2015.01.05,00:00,1.00552,1.01077,1.00320,1.00634,36273
2015.01.06,00:00,1.00635,1.01298,1.00409,1.01152,35561
2015.01.07,00:00,1.01145,1.01749,1.00939,1.01479,37758
2015.01.08,00:00,1.01479,1.02157,1.01357,1.01839,35502
2015.01.09,00:00,1.01840,1.02080,1.01344,1.01397,44509
2015.01.11,00:00,1.01321,1.01386,1.01171,1.01175,2807
2015.01.12,00:00,1.01176,1.01890,1.01173,1.01488,45291
2015.01.13,00:00,1.01487,1.02163,1.01257,1.01961,54646
2015.01.14,00:00,1.01961,1.02393,1.01373,1.01898,54616
2015.01.15,00:00,1.01898,1.02200,0.74455,0.85395,48198
2015.01.16,00:00,0.85384,0.88074,0.84512,0.85710,50875
2015.01.18,00:00,0.86045,0.86268,0.85792,0.85821,2142
2015.01.19,00:00,0.85819,0.87980,0.85405,0.87978,40609
2015.01.20,00:00,0.87957,0.88362,0.86820,0.87398,40995
2015.01.21,00:00,0.87403,0.87702,0.84973,0.86022,44106
2015.01.22,00:00,0.86021,0.87481,0.85235,0.87135,48052
2015.01.23,00:00,0.87143,0.88179,0.86771,0.87961,59137
2015.01.25,00:00,0.87943,0.88213,0.87820,0.88093,5542
2015.01.26,00:00,0.88091,0.90406,0.87610,0.90103,78105
2015.01.27,00:00,0.90107,0.91661,0.89339,0.89895,67007
2015.01.28,00:00,0.89903,0.90894,0.89838,0.90697,50449
2015.01.29,00:00,0.90699,0.92509,0.90547,0.92225,53887
2015.01.30,00:00,0.92213,0.92884,0.91662,0.92023,63112
2015.02.01,00:00,0.92698,0.92747,0.91985,0.92117,5421
2015.02.02,00:00,0.92117,0.93440,0.91998,0.92698,59794
2015.02.03,00:00,0.92702,0.92946,0.91843,0.92482,63763
2015.02.04,00:00,0.92483,0.92780,0.92053,0.92595,43687
2015.02.05,00:00,0.92594,0.93096,0.92029,0.92201,47986
2015.02.06,00:00,0.92202,0.92870,0.91749,0.92554,44301
2015.02.08,00:00,0.92705,0.92713,0.92434,0.92617,7752
2015.02.09,00:00,0.92606,0.92858,0.91936,0.92478,36163
2015.02.10,00:00,0.92480,0.92774,0.92122,0.92650,44558
2015.02.11,00:00,0.92649,0.92992,0.92284,0.92855,39813
2015.02.12,00:00,0.92854,0.93359,0.92552,0.93002,45432
2015.02.13,00:00,0.93000,0.93349,0.92683,0.93137,35462
2015.02.15,00:00,0.93071,0.93252,0.92991,0.93145,1551
2015.02.16,00:00,0.93155,0.93331,0.92828,0.93331,29901
2015.02.17,00:00,0.93334,0.93743,0.92904,0.93614,48219
2015.02.18,00:00,0.93617,0.94519,0.93135,0.94188,26947
2015.02.19,00:00,0.94189,0.94985,0.93844,0.94935,23319
2015.02.20,00:00,0.94935,0.95345,0.93685,0.93747,22948
2015.02.22,00:00,0.93879,0.94085,0.93864,0.94051,5708
2015.02.23,00:00,0.94051,0.95257,0.93990,0.95109,39883
2015.02.24,00:00,0.95110,0.95217,0.94680,0.94990,40778
2015.02.25,00:00,0.94998,0.95068,0.94645,0.94876,35018
2015.02.26,00:00,0.94877,0.95447,0.94490,0.95266,37116
2015.02.27,00:00,0.95266,0.95452,0.94498,0.95375,43044
2015.03.01,00:00,0.95305,0.95451,0.95235,0.95429,1267
2015.03.02,00:00,0.95429,0.95970,0.95389,0.95853,17265
2015.03.03,00:00,0.95848,0.96176,0.95568,0.96079,23958
2015.03.04,00:00,0.96081,0.96762,0.95920,0.96346,34912
2015.03.05,00:00,0.96346,0.97486,0.96300,0.97376,27874
2015.03.06,00:00,0.97377,0.98641,0.97211,0.98582,31929
2015.03.08,00:00,0.98639,0.98712,0.98366,0.98452,3561
2015.03.09,00:00,0.98452,0.98736,0.98244,0.98704,32954
2015.03.10,00:00,0.98684,0.99984,0.98659,0.99823,17874
2015.03.11,00:00,0.99825,1.01071,0.99685,1.00902,35388
2015.03.12,00:00,1.00903,1.01270,0.99817,1.00274,36643
2015.03.13,00:00,1.00264,1.01108,1.00256,1.00565,28157
2015.03.15,00:00,1.00660,1.00704,1.00422,1.00630,2409
2015.03.16,00:00,1.00631,1.00854,1.00236,1.00761,18120
2015.03.17,00:00,1.00766,1.00907,1.00092,1.00563,12881
2015.03.18,00:00,1.00565,1.00683,0.96269,0.98104,33346
2015.03.19,00:00,0.98097,0.99812,0.97681,0.98972,37818
2015.03.20,00:00,0.98973,0.99042,0.97288,0.97446,27610
2015.03.22,00:00,0.97446,0.97859,0.97303,0.97764,4584
2015.03.23,00:00,0.97763,0.98115,0.96401,0.96665,32993
2015.03.24,00:00,0.96663,0.96939,0.95362,0.95944,34280
2015.03.25,00:00,0.95945,0.96192,0.95539,0.96034,18451
2015.03.26,00:00,0.96033,0.96556,0.94902,0.96323,35384
2015.03.27,00:00,0.96323,0.96915,0.95595,0.96068,30958
2015.03.29,00:00,0.96127,0.96157,0.96048,0.96134,1979
2015.03.30,00:00,0.96135,0.96886,0.96035,0.96744,27418
2015.03.31,00:00,0.96745,0.97558,0.96535,0.97205,34325
2015.04.01,00:00,0.97198,0.97416,0.96440,0.96607,20740
2015.04.02,00:00,0.96609,0.96728,0.95610,0.95997,27745
2015.04.03,00:00,0.95997,0.96088,0.94791,0.94943,14547
2015.04.05,00:00,0.95109,0.95250,0.95032,0.95250,1815
2015.04.06,00:00,0.95249,0.96039,0.94988,0.95785,17505
2015.04.07,00:00,0.95785,0.96716,0.95562,0.96569,14323
2015.04.08,00:00,0.96571,0.96721,0.95970,0.96624,25426
2015.04.09,00:00,0.96623,0.97889,0.96618,0.97699,24902
2015.04.10,00:00,0.97700,0.98358,0.97503,0.97898,22324
2015.04.12,00:00,0.97986,0.98081,0.97874,0.97927,480
2015.04.13,00:00,0.97928,0.98624,0.97584,0.97738,25037
2015.04.14,00:00,0.97740,0.97941,0.96723,0.97283,15142
2015.04.15,00:00,0.97283,0.97702,0.96348,0.96491,18846
2015.04.16,00:00,0.96492,0.97104,0.95390,0.95650,35592
2015.04.17,00:00,0.95649,0.95828,0.94930,0.95182,32840
2015.04.19,00:00,0.95071,0.95316,0.95026,0.95140,2319
2015.04.20,00:00,0.95144,0.95985,0.94993,0.95534,35098
2015.04.21,00:00,0.95533,0.96238,0.95052,0.95492,32948
2015.04.22,00:00,0.95493,0.97136,0.95005,0.96960,43225
2015.04.23,00:00,0.96960,0.97180,0.95296,0.95575,40334
2015.04.24,00:00,0.95578,0.95734,0.95095,0.95213,35092
2015.04.26,00:00,0.95415,0.95430,0.95284,0.95359,936
2015.04.27,00:00,0.95358,0.95830,0.94925,0.95514,36387
2015.04.28,00:00,0.95513,0.95980,0.95035,0.95605,20682
2015.04.29,00:00,0.95600,0.95718,0.93394,0.94025,41460
2015.04.30,00:00,0.94026,0.94460,0.93075,0.93346,43443
2015.05.01,00:00,0.93350,0.93513,0.92763,0.93242,27397
2015.05.03,00:00,0.93299,0.93376,0.93237,0.93336,2464
2015.05.04,00:00,0.93334,0.93834,0.93126,0.93365,30498
2015.05.05,00:00,0.93363,0.94121,0.92379,0.92746,39684
2015.05.06,00:00,0.92747,0.92794,0.91134,0.91644,29351
2015.05.07,00:00,0.91647,0.92280,0.90712,0.92166,35595
2015.05.08,00:00,0.92168,0.93227,0.92002,0.93106,35241
2015.05.10,00:00,0.93143,0.93185,0.93091,0.93154,2517
2015.05.11,00:00,0.93155,0.93540,0.92961,0.93450,36163
2015.05.12,00:00,0.93450,0.93575,0.92108,0.92837,40645
2015.05.13,00:00,0.92836,0.92931,0.91532,0.91704,43693
2015.05.14,00:00,0.91704,0.91763,0.90782,0.91248,42186
2015.05.15,00:00,0.91248,0.92546,0.91141,0.91535,39111
2015.05.17,00:00,0.91548,0.91664,0.91478,0.91537,1058
2015.05.18,00:00,0.91537,0.92628,0.91534,0.92606,35198
2015.05.19,00:00,0.92607,0.93829,0.92452,0.93718,37418
2015.05.20,00:00,0.93717,0.94048,0.93364,0.93614,29981
2015.05.21,00:00,0.93610,0.93817,0.93053,0.93769,41159
2015.05.22,00:00,0.93757,0.94558,0.92860,0.94247,35840
2015.05.24,00:00,0.94274,0.94503,0.94259,0.94325,3228
2015.05.25,00:00,0.94326,0.94576,0.94042,0.94571,23666
2015.05.26,00:00,0.94573,0.95377,0.94552,0.95180,43906
2015.05.27,00:00,0.95180,0.95419,0.94662,0.94980,35733
2015.05.28,00:00,0.94981,0.95116,0.94170,0.94287,24861
2015.05.29,00:00,0.94281,0.94780,0.93481,0.93993,39794
2015.05.31,00:00,0.94002,0.94148,0.93859,0.94138,908
2015.06.01,00:00,0.94140,0.94828,0.94041,0.94599,40420
2015.06.02,00:00,0.94598,0.94600,0.93069,0.93339,42153
2015.06.03,00:00,0.93344,0.94214,0.93020,0.93446,43260
2015.06.04,00:00,0.93447,0.93702,0.92772,0.93489,51968
2015.06.05,00:00,0.93489,0.95012,0.92971,0.93890,70392
2015.06.07,00:00,0.94119,0.94156,0.93987,0.94064,1857
2015.06.08,00:00,0.94063,0.94288,0.92551,0.92738,42490
2015.06.09,00:00,0.92737,0.93315,0.92459,0.93035,45372
2015.06.10,00:00,0.93034,0.93243,0.92330,0.93207,45169
2015.06.11,00:00,0.93212,0.94053,0.92980,0.93380,39530
2015.06.12,00:00,0.93381,0.93894,0.92410,0.92810,39082
2015.06.14,00:00,0.92899,0.93003,0.92871,0.92945,1509
2015.06.15,00:00,0.92952,0.93821,0.92737,0.92981,36458
2015.06.16,00:00,0.92982,0.93342,0.92710,0.93168,26685
2015.06.17,00:00,0.93169,0.93218,0.91962,0.92106,39196
2015.06.18,00:00,0.92102,0.92437,0.91501,0.92135,30789
2015.06.19,00:00,0.92134,0.92488,0.91621,0.91732,30770
2015.06.21,00:00,0.91644,0.91844,0.91604,0.91843,1454
2015.06.22,00:00,0.91845,0.92247,0.91569,0.92169,35840
2015.06.23,00:00,0.92167,0.93868,0.92127,0.93344,25086
2015.06.24,00:00,0.93345,0.93691,0.92819,0.93355,23733
2015.06.25,00:00,0.93354,0.94149,0.93244,0.93649,33993
2015.06.26,00:00,0.93650,0.93732,0.92989,0.93258,29396
2015.06.28,00:00,0.93815,0.94149,0.93669,0.94030,5100
2015.06.29,00:00,0.94021,0.94249,0.92434,0.92589,43725
2015.06.30,00:00,0.92590,0.93806,0.92558,0.93477,43420
2015.07.01,00:00,0.93492,0.94890,0.93414,0.94865,24145
2015.07.02,00:00,0.94874,0.95029,0.94182,0.94356,49106
2015.07.03,00:00,0.94355,0.94406,0.93948,0.93991,29487
2015.07.05,00:00,0.94325,0.94465,0.94171,0.94429,3515
2015.07.06,00:00,0.94430,0.94710,0.94081,0.94298,52805
2015.07.07,00:00,0.94299,0.95149,0.94262,0.94659,66163
2015.07.08,00:00,0.94660,0.95087,0.94080,0.94564,85841
2015.07.09,00:00,0.94564,0.95145,0.94242,0.94767,86325
2015.07.10,00:00,0.94770,0.94783,0.93291,0.93785,86329
2015.07.12,00:00,0.94117,0.94133,0.93782,0.94008,3236
2015.07.13,00:00,0.94008,0.95088,0.93664,0.95071,80192
2015.07.14,00:00,0.95072,0.95315,0.93972,0.94490,83286
2015.07.15,00:00,0.94490,0.95473,0.94456,0.95275,78730
2015.07.16,00:00,0.95274,0.95832,0.95222,0.95723,72958
2015.07.17,00:00,0.95726,0.96182,0.95566,0.96108,44543
2015.07.19,00:00,0.96085,0.96258,0.96035,0.96237,1672
2015.07.20,00:00,0.96241,0.96485,0.95996,0.96346,44914
2015.07.21,00:00,0.96345,0.96481,0.95592,0.95801,55429
2015.07.22,00:00,0.95801,0.96314,0.95603,0.95978,48014
2015.07.23,00:00,0.95978,0.96019,0.95248,0.95937,62889
2015.07.24,00:00,0.95938,0.96350,0.95732,0.96199,42872
2015.07.26,00:00,0.96200,0.96306,0.96170,0.96257,976
2015.07.27,00:00,0.96257,0.96325,0.95295,0.96212,69003
2015.07.28,00:00,0.96213,0.96734,0.96038,0.96154,59077
2015.07.29,00:00,0.96153,0.96885,0.95982,0.96746,63941
2015.07.30,00:00,0.96744,0.97185,0.96742,0.96827,62246
2015.07.31,00:00,0.96827,0.96840,0.95478,0.96459,77287
2015.08.02,00:00,0.96609,0.96734,0.96506,0.96716,1833
2015.08.03,00:00,0.96716,0.97007,0.96426,0.96917,57514
2015.08.04,00:00,0.96915,0.97893,0.96672,0.97805,60428
2015.08.05,00:00,0.97806,0.98210,0.97580,0.97901,65508
2015.08.06,00:00,0.97903,0.98470,0.97664,0.98105,58260
2015.08.07,00:00,0.98105,0.98833,0.97879,0.98237,48482
2015.08.09,00:00,0.98184,0.98378,0.98122,0.98372,2087
2015.08.10,00:00,0.98372,0.98903,0.98026,0.98362,57892
2015.08.11,00:00,0.98363,0.99022,0.98012,0.98801,73788
2015.08.12,00:00,0.98800,0.98888,0.96764,0.97540,79600
2015.08.13,00:00,0.97540,0.97935,0.97291,0.97543,46621
2015.08.14,00:00,0.97544,0.97859,0.97269,0.97565,41147
2015.08.16,00:00,0.97528,0.97722,0.97528,0.97707,1454
2015.08.17,00:00,0.97707,0.97977,0.97411,0.97829,46103
2015.08.18,00:00,0.97829,0.97943,0.97508,0.97741,45850
2015.08.19,00:00,0.97741,0.97750,0.96417,0.96573,58879
2015.08.20,00:00,0.96573,0.96708,0.95824,0.95915,60937
2015.08.21,00:00,0.95915,0.95932,0.94554,0.94608,55798
2015.08.23,00:00,0.94604,0.94799,0.94517,0.94725,2624
2015.08.24,00:00,0.94725,0.94780,0.92572,0.93298,88681
2015.08.25,00:00,0.93300,0.95051,0.93143,0.93888,81490
2015.08.26,00:00,0.93887,0.95510,0.93839,0.95199,100246
2015.08.27,00:00,0.95198,0.96714,0.95114,0.96542,77702
2015.08.28,00:00,0.96543,0.96660,0.95776,0.96196,71835
2015.08.30,00:00,0.96227,0.96344,0.96093,0.96119,2987
2015.08.31,00:00,0.96118,0.96892,0.95864,0.96518,47863
2015.09.01,00:00,0.96518,0.96518,0.95685,0.96010,82016
2015.09.02,00:00,0.96011,0.97024,0.95982,0.97009,54294
2015.09.03,00:00,0.97008,0.97699,0.96813,0.97391,69682
2015.09.04,00:00,0.97393,0.97694,0.96828,0.97156,63558
2015.09.06,00:00,0.97158,0.97228,0.97098,0.97180,1074
2015.09.07,00:00,0.97182,0.97633,0.97065,0.97583,48938
2015.09.08,00:00,0.97582,0.98208,0.96988,0.97795,43468
2015.09.09,00:00,0.97794,0.98233,0.97150,0.97525,64312
2015.09.10,00:00,0.97519,0.97925,0.97004,0.97320,70173
2015.09.11,00:00,0.97322,0.97957,0.96812,0.96849,40679
2015.09.13,00:00,0.96884,0.96921,0.96798,0.96902,1362
2015.09.14,00:00,0.96901,0.97188,0.96667,0.96832,36170
2015.09.15,00:00,0.96831,0.97629,0.96697,0.97421,36335
2015.09.16,00:00,0.97421,0.97621,0.96684,0.97028,52810
2015.09.17,00:00,0.97028,0.97239,0.95898,0.96196,61648
2015.09.18,00:00,0.96197,0.97043,0.95269,0.96790,63978
2015.09.20,00:00,0.96928,0.97014,0.96849,0.96934,3710
2015.09.21,00:00,0.96935,0.97396,0.96419,0.97195,54669
2015.09.22,00:00,0.97195,0.97563,0.97063,0.97532,54425
2015.09.23,00:00,0.97533,0.98004,0.97345,0.97913,62611
2015.09.24,00:00,0.97916,0.98033,0.96667,0.97810,50301
2015.09.25,00:00,0.97814,0.98427,0.97429,0.97839,60553
2015.09.27,00:00,0.97827,0.97972,0.97730,0.97937,2135
2015.09.28,00:00,0.97937,0.98152,0.97212,0.97475,43539
2015.09.29,00:00,0.97469,0.97472,0.96862,0.97110,50163
2015.09.30,00:00,0.97111,0.97753,0.97084,0.97410,63135
2015.10.01,00:00,0.97414,0.97881,0.97211,0.97631,41130
2015.10.02,00:00,0.97680,0.97941,0.96440,0.97089,53631
2015.10.04,00:00,0.97110,0.97224,0.97040,0.97125,3357
2015.10.05,00:00,0.97137,0.97672,0.96850,0.97545,49903
2015.10.06,00:00,0.97545,0.97665,0.96613,0.96743,56783
2015.10.07,00:00,0.96741,0.97389,0.96475,0.97331,67020
2015.10.08,00:00,0.97331,0.97331,0.96224,0.96628,63049
2015.10.09,00:00,0.96622,0.96749,0.95859,0.96119,56011
2015.10.11,00:00,0.96106,0.96160,0.96011,0.96126,1499
2015.10.12,00:00,0.96126,0.96303,0.95942,0.96289,34657
2015.10.13,00:00,0.96290,0.96452,0.95540,0.95833,52918
2015.10.14,00:00,0.95830,0.95834,0.94832,0.94958,51364
2015.10.15,00:00,0.94958,0.95522,0.94753,0.95148,55133
2015.10.16,00:00,0.95149,0.95529,0.94962,0.95330,42705
2015.10.18,00:00,0.95295,0.95414,0.95208,0.95303,1346
2015.10.19,00:00,0.95314,0.95777,0.95212,0.95628,41987
2015.10.20,00:00,0.95628,0.95700,0.94931,0.95598,33605
2015.10.21,00:00,0.95597,0.96104,0.95271,0.95925,48722
2015.10.22,00:00,0.95924,0.97381,0.95792,0.97371,68355
2015.10.23,00:00,0.97364,0.98001,0.97111,0.97812,46844
2015.10.25,00:00,0.97834,0.97931,0.97834,0.97874,2312
2015.10.26,00:00,0.97874,0.98384,0.97560,0.98255,48973
2015.10.27,00:00,0.98258,0.98732,0.98048,0.98711,38777
2015.10.28,00:00,0.98710,0.99567,0.98167,0.99380,62317
2015.10.29,00:00,0.99380,0.99553,0.98809,0.98915,44022
2015.10.30,00:00,0.98918,0.99101,0.98447,0.98680,47260
2015.11.01,00:00,0.98597,0.98705,0.98482,0.98624,2405
2015.11.02,00:00,0.98625,0.98912,0.98351,0.98712,45168
2015.11.03,00:00,0.98711,0.99246,0.98437,0.99103,47537
2015.11.04,00:00,0.99104,0.99506,0.98839,0.99313,46313
2015.11.05,00:00,0.99314,0.99784,0.99209,0.99513,61204
2015.11.06,00:00,0.99517,1.00757,0.99431,1.00505,63536
2015.11.08,00:00,1.00473,1.00605,1.00367,1.00567,2335
2015.11.09,00:00,1.00569,1.00613,0.99969,1.00310,58582
2015.11.10,00:00,1.00309,1.00862,1.00188,1.00520,44654
2015.11.11,00:00,1.00520,1.00714,1.00285,1.00342,54862
2015.11.12,00:00,1.00343,1.00847,0.99887,1.00077,69613
2015.11.13,00:00,1.00078,1.00940,0.99982,1.00548,62837
2015.11.15,00:00,1.00673,1.00898,1.00543,1.00784,3933
2015.11.16,00:00,1.00785,1.01026,1.00429,1.00950,41812
2015.11.17,00:00,1.00949,1.01702,1.00920,1.01427,43597
2015.11.18,00:00,1.01426,1.02196,1.01270,1.01886,41380
2015.11.19,00:00,1.01886,1.02010,1.01212,1.01350,64126
2015.11.20,00:00,1.01354,1.01973,1.01214,1.01766,41253
2015.11.22,00:00,1.01962,1.01977,1.01866,1.01967,1686
2015.11.23,00:00,1.01969,1.02254,1.01743,1.01839,56793
2015.11.24,00:00,1.01840,1.01933,1.01436,1.01702,59634
2015.11.25,00:00,1.01705,1.02598,1.01432,1.02177,52052
2015.11.26,00:00,1.02178,1.02524,1.02135,1.02353,32059
2015.11.27,00:00,1.02352,1.03276,1.02251,1.02924,55608
2015.11.29,00:00,1.02998,1.03037,1.02935,1.03018,1356
2015.11.30,00:00,1.03018,1.03191,1.02573,1.02903,39515
2015.12.01,00:00,1.02904,1.03012,1.02522,1.02626,55527
2015.12.02,00:00,1.02625,1.03069,1.01786,1.01859,65679
2015.12.03,00:00,1.01859,1.02654,0.98746,0.99371,112607
2015.12.04,00:00,0.99368,1.00334,0.99103,0.99601,95248
2015.12.06,00:00,0.99671,0.99754,0.99600,0.99681,2309
2015.12.07,00:00,0.99680,1.00308,0.99641,1.00053,43991
2015.12.08,00:00,1.00053,1.00097,0.99165,0.99283,47621
2015.12.09,00:00,0.99284,0.99441,0.98194,0.98335,72235
2015.12.10,00:00,0.98334,0.99072,0.98302,0.98823,42893
2015.12.11,00:00,0.98825,0.98978,0.98026,0.98260,68293
2015.12.13,00:00,0.98329,0.98429,0.98265,0.98409,1979
2015.12.14,00:00,0.98409,0.98714,0.97852,0.98569,49321
2015.12.15,00:00,0.98565,0.99239,0.97977,0.99079,44981
2015.12.16,00:00,0.99080,0.99377,0.98095,0.99252,82693
2015.12.17,00:00,0.99250,0.99903,0.99128,0.99455,64446
2015.12.18,00:00,0.99456,0.99751,0.99110,0.99166,61699
2015.12.20,00:00,0.99197,0.99306,0.99115,0.99186,1478
2015.12.21,00:00,0.99182,0.99680,0.98963,0.99271,50829
2015.12.22,00:00,0.99270,0.99367,0.98568,0.98790,44698
2015.12.23,00:00,0.98791,0.99447,0.98744,0.99061,42532
2015.12.24,00:00,0.99062,0.99063,0.98519,0.98699,15878
2015.12.25,00:00,0.99062,0.99063,0.98519,0.98699,15878
2015.12.27,00:00,0.98673,0.98709,0.98530,0.98697,1078
2015.12.28,00:00,0.98698,0.99015,0.98562,0.98799,23671
2015.12.29,00:00,0.98800,0.99425,0.98609,0.99231,25906
2015.12.30,00:00,0.99231,0.99264,0.98564,0.98807,27990
2015.12.31,00:00,0.98808,1.00287,0.98716,1.00183,34798
2016.01.01,00:00,0.98808,1.00287,0.98716,1.00183,34798
2016.01.03,00:00,1.00118,1.00118,0.99887,0.99959,1969
2016.01.04,00:00,0.99958,1.00622,0.99232,1.00252,71568
2016.01.05,00:00,1.00255,1.01237,1.00063,1.00860,42655
2016.01.06,00:00,1.00859,1.01186,1.00563,1.00742,46471
2016.01.07,00:00,1.00742,1.00760,0.99214,0.99382,81441
2016.01.08,00:00,0.99383,1.00515,0.99356,0.99466,82407
2016.01.10,00:00,0.99449,0.99505,0.98796,0.99235,4607
2016.01.11,00:00,0.99236,1.00223,0.99228,1.00157,69459
2016.01.12,00:00,1.00157,1.00457,0.99654,1.00307,72080
2016.01.13,00:00,1.00306,1.01057,1.00244,1.00603,78045
2016.01.14,00:00,1.00602,1.00916,1.00087,1.00534,61376
2016.01.15,00:00,1.00535,1.00597,0.99575,1.00097,75816
2016.01.17,00:00,0.99985,1.00199,0.99985,1.00180,2026
2016.01.18,00:00,1.00180,1.00724,1.00127,1.00502,33841
2016.01.19,00:00,1.00496,1.00811,1.00010,1.00328,66525
2016.01.20,00:00,1.00329,1.00599,0.99898,1.00585,90937
2016.01.21,00:00,1.00586,1.01458,1.00119,1.00792,105807
2016.01.22,00:00,1.00791,1.01651,1.00683,1.01539,74699
2016.01.24,00:00,1.01541,1.01669,1.01471,1.01631,1366
2016.01.25,00:00,1.01623,1.01627,1.01226,1.01243,69563
2016.01.26,00:00,1.01242,1.01982,1.01168,1.01707,45913
2016.01.27,00:00,1.01707,1.01880,1.01294,1.01444,84600
2016.01.28,00:00,1.01444,1.01769,1.01088,1.01393,80803
2016.01.29,00:00,1.01394,1.02556,1.01317,1.02270,79814
2016.01.31,00:00,1.02186,1.02489,1.02059,1.02441,1776
2016.02.01,00:00,1.02440,1.02451,1.01548,1.01953,60208
2016.02.02,00:00,1.01954,1.02236,1.01697,1.01867,68876
2016.02.03,00:00,1.01868,1.01931,0.99867,1.00527,75632
2016.02.04,00:00,1.00528,1.00735,0.99210,0.99334,65585
2016.02.05,00:00,0.99334,0.99843,0.98797,0.99109,59815
2016.02.07,00:00,0.99130,0.99326,0.99119,0.99278,2045
2016.02.08,00:00,0.99278,0.99723,0.98403,0.98717,67155
2016.02.09,00:00,0.98720,0.98731,0.96938,0.97303,82142
2016.02.10,00:00,0.97301,0.98187,0.97086,0.97312,127885
2016.02.11,00:00,0.97312,0.97615,0.96604,0.97237,90431
2016.02.12,00:00,0.97234,0.97899,0.97133,0.97647,65861
2016.02.14,00:00,0.97663,0.97882,0.97627,0.97817,3131
2016.02.15,00:00,0.97818,0.98887,0.97712,0.98600,46814
2016.02.16,00:00,0.98600,0.98955,0.98465,0.98838,55884
2016.02.17,00:00,0.98841,0.99412,0.98521,0.99260,78134
2016.02.18,00:00,0.99261,0.99679,0.99037,0.99308,55274
2016.02.19,00:00,0.99313,0.99668,0.98839,0.98927,88540
2016.02.21,00:00,0.98867,0.99089,0.98816,0.99056,4423
2016.02.22,00:00,0.99055,1.00026,0.99036,1.00000,79387
2016.02.23,00:00,1.00000,1.00000,0.98945,0.99136,75272
2016.02.24,00:00,0.99135,0.99522,0.98518,0.98918,94947
2016.02.25,00:00,0.98919,0.99511,0.98766,0.99013,79349
2016.02.26,00:00,0.99012,0.99869,0.98704,0.99660,65325
2016.02.28,00:00,0.99745,0.99822,0.99619,0.99668,2815
2016.02.29,00:00,0.99667,1.00372,0.99483,0.99788,79948
2016.03.01,00:00,0.99787,1.00087,0.99594,0.99665,48666
2016.03.02,00:00,0.99666,1.00083,0.99544,0.99653,80698
2016.03.03,00:00,0.99653,0.99816,0.98915,0.99238,87680
2016.03.04,00:00,0.99239,0.99875,0.98776,0.99257,87028
2016.03.06,00:00,0.99343,0.99476,0.99232,0.99428,1876
2016.03.07,00:00,0.99428,1.00115,0.99276,0.99575,78441
2016.03.08,00:00,0.99575,0.99707,0.99006,0.99636,47123
2016.03.09,00:00,0.99637,1.00386,0.99388,0.99811,67804
2016.03.10,00:00,0.99811,1.00917,0.98087,0.98450,103795
2016.03.11,00:00,0.98451,0.98897,0.98026,0.98203,87539
2016.03.13,00:00,0.98287,0.98396,0.98141,0.98282,3765
2016.03.14,00:00,0.98281,0.98810,0.98248,0.98700,75598
2016.03.15,00:00,0.98700,0.98953,0.98482,0.98712,40898
2016.03.16,00:00,0.98711,0.99128,0.97493,0.97793,50051
2016.03.17,00:00,0.97796,0.97859,0.96503,0.96710,84483
2016.03.18,00:00,0.96711,0.97166,0.96535,0.96910,57726
2016.03.20,00:00,0.96960,0.96993,0.96894,0.96976,1265
2016.03.21,00:00,0.96974,0.97297,0.96747,0.97072,38271
2016.03.22,00:00,0.97074,0.97354,0.96877,0.97278,57300
2016.03.23,00:00,0.97279,0.97652,0.97247,0.97544,57681
2016.03.24,00:00,0.97543,0.97727,0.97360,0.97581,56602
2016.03.25,00:00,0.97581,0.97865,0.97538,0.97724,23544
2016.03.27,00:00,0.97633,0.97851,0.97624,0.97847,1316
2016.03.28,00:00,0.97846,0.97852,0.97214,0.97350,29843
2016.03.29,00:00,0.97350,0.97621,0.96550,0.96643,79739
2016.03.30,00:00,0.96643,0.96695,0.95913,0.96503,70600
2016.03.31,00:00,0.96507,0.96618,0.95707,0.96110,75407
2016.04.01,00:00,0.96112,0.96249,0.95527,0.95721,66001
2016.04.03,00:00,0.95800,0.95916,0.95668,0.95862,2112
2016.04.04,00:00,0.95861,0.96140,0.95714,0.95898,58593
2016.04.05,00:00,0.95900,0.96037,0.95453,0.95654,65741
2016.04.06,00:00,0.95655,0.96209,0.95291,0.95568,70208
2016.04.07,00:00,0.95569,0.95805,0.95203,0.95629,72094
2016.04.08,00:00,0.95633,0.95815,0.95236,0.95306,57608
2016.04.10,00:00,0.95255,0.95350,0.95158,0.95323,3255
2016.04.11,00:00,0.95324,0.95697,0.95008,0.95402,48763
2016.04.12,00:00,0.95401,0.95926,0.94980,0.95533,64641
2016.04.13,00:00,0.95532,0.96711,0.95470,0.96649,66565
2016.04.14,00:00,0.96652,0.96870,0.96358,0.96637,63966
2016.04.15,00:00,0.96638,0.96873,0.96468,0.96696,51243
2016.04.17,00:00,0.96524,0.96721,0.96524,0.96630,1779
2016.04.18,00:00,0.96628,0.96783,0.96270,0.96455,52437
2016.04.19,00:00,0.96455,0.96490,0.95841,0.96185,58509
2016.04.20,00:00,0.96184,0.97325,0.96016,0.97118,59769
2016.04.21,00:00,0.97118,0.97524,0.96466,0.97486,76408
2016.04.22,00:00,0.97486,0.97957,0.97312,0.97782,63915
2016.04.24,00:00,0.97830,0.97908,0.97746,0.97821,3571
2016.04.25,00:00,0.97819,0.97840,0.97344,0.97491,60491
2016.04.26,00:00,0.97491,0.97658,0.97006,0.97366,63545
2016.04.27,00:00,0.97367,0.97525,0.96781,0.97087,74325
2016.04.28,00:00,0.97086,0.97321,0.96543,0.96619,83865
2016.04.29,00:00,0.96619,0.96640,0.95672,0.95897,77347
2016.05.01,00:00,0.95823,0.95948,0.95721,0.95872,3166
2016.05.02,00:00,0.95877,0.96046,0.95331,0.95521,63528
2016.05.03,00:00,0.95520,0.95522,0.94429,0.95372,91093
2016.05.04,00:00,0.95362,0.95894,0.95320,0.95697,80756
2016.05.05,00:00,0.95698,0.96953,0.95674,0.96807,74471
2016.05.06,00:00,0.96802,0.97278,0.96455,0.97162,73533
2016.05.08,00:00,0.97190,0.97307,0.97190,0.97262,4013
2016.05.09,00:00,0.97263,0.97351,0.96828,0.97112,61670
2016.05.10,00:00,0.97112,0.97618,0.96972,0.97525,71323
2016.05.11,00:00,0.97527,0.97552,0.96978,0.97091,60506
2016.05.12,00:00,0.97092,0.97251,0.96627,0.97093,61099
2016.05.13,00:00,0.97093,0.97736,0.97012,0.97520,37102
2016.05.15,00:00,0.97436,0.97608,0.97411,0.97547,2598
2016.05.16,00:00,0.97547,0.97833,0.97465,0.97810,48368
2016.05.17,00:00,0.97810,0.98071,0.97503,0.98007,62486
2016.05.18,00:00,0.98007,0.98800,0.97967,0.98790,73188
2016.05.19,00:00,0.98790,0.99219,0.98615,0.99079,69109
2016.05.20,00:00,0.99080,0.99259,0.98944,0.99002,47149
2016.05.22,00:00,0.99094,0.99110,0.99006,0.99110,1024
2016.05.23,00:00,0.99113,0.99226,0.98817,0.98959,51965
2016.05.24,00:00,0.98960,0.99367,0.98921,0.99309,61819
2016.05.25,00:00,0.99309,0.99324,0.98954,0.99109,62282
2016.05.26,00:00,0.99110,0.99269,0.98706,0.98917,61834
2016.05.27,00:00,0.98917,0.99479,0.98831,0.99428,55325
2016.05.29,00:00,0.99428,0.99483,0.99399,0.99470,3058
2016.05.30,00:00,0.99472,0.99553,0.99132,0.99142,42303
2016.05.31,00:00,0.99141,0.99503,0.98850,0.99299,61643
2016.06.01,00:00,0.99299,0.99499,0.98605,0.98834,68122
2016.06.02,00:00,0.98833,0.99095,0.98577,0.99032,73270
2016.06.03,00:00,0.99032,0.99192,0.97489,0.97564,79021
2016.06.05,00:00,0.97594,0.97736,0.97512,0.97583,3030
2016.06.06,00:00,0.97589,0.97753,0.96802,0.97013,65958
2016.06.07,00:00,0.97014,0.97130,0.96433,0.96528,50806
2016.06.08,00:00,0.96527,0.96583,0.95801,0.95837,49437
2016.06.09,00:00,0.95836,0.96554,0.95762,0.96451,57508
2016.06.10,00:00,0.96450,0.96572,0.96158,0.96333,34847
2016.06.12,00:00,0.96396,0.96527,0.96358,0.96459,2589
2016.06.13,00:00,0.96458,0.96773,0.96223,0.96258,65795
2016.06.14,00:00,0.96259,0.96682,0.96199,0.96362,55319
2016.06.15,00:00,0.96360,0.96629,0.95893,0.96095,53874
2016.06.16,00:00,0.96095,0.96858,0.95711,0.96478,67296
2016.06.17,00:00,0.96471,0.96559,0.95877,0.95943,37177
2016.06.19,00:00,0.96030,0.96394,0.95963,0.95979,4172
2016.06.20,00:00,0.95982,0.96321,0.95747,0.96193,45171
2016.06.21,00:00,0.96195,0.96271,0.95718,0.96211,36238
2016.06.22,00:00,0.96211,0.96269,0.95490,0.95953,54844
2016.06.23,00:00,0.95954,0.96541,0.95202,0.96152,88897
2016.06.24,00:00,0.96159,0.98017,0.95885,0.97170,94477
2016.06.26,00:00,0.97339,0.97525,0.97033,0.97279,9363
2016.06.27,00:00,0.97279,0.98185,0.97180,0.97850,100831
2016.06.28,00:00,0.97852,0.98362,0.97627,0.98041,54527
2016.06.29,00:00,0.98041,0.98222,0.97786,0.97943,67598
2016.06.30,00:00,0.97946,0.98198,0.97261,0.97621,66804
2016.07.01,00:00,0.97622,0.97805,0.97094,0.97223,49651
2016.07.03,00:00,0.97350,0.97531,0.97173,0.97440,2386
2016.07.04,00:00,0.97440,0.97577,0.96988,0.97087,29807
2016.07.05,00:00,0.97089,0.97737,0.96843,0.97689,89047
2016.07.06,00:00,0.97689,0.98053,0.97393,0.97496,94561
2016.07.07,00:00,0.97496,0.97922,0.97398,0.97863,47313
2016.07.08,00:00,0.97865,0.98651,0.97589,0.98247,58899
2016.07.10,00:00,0.98117,0.98348,0.98086,0.98320,2497
2016.07.11,00:00,0.98321,0.98569,0.98143,0.98261,50344
2016.07.12,00:00,0.98261,0.98925,0.97935,0.98895,49761
2016.07.13,00:00,0.98896,0.98926,0.98206,0.98425,43824
2016.07.14,00:00,0.98426,0.98462,0.97625,0.98145,42618
2016.07.15,00:00,0.98146,0.98462,0.97817,0.98206,34978
2016.07.17,00:00,0.98185,0.98389,0.98136,0.98348,3248
2016.07.18,00:00,0.98351,0.98458,0.98106,0.98278,32533
2016.07.19,00:00,0.98277,0.98762,0.98148,0.98597,33012
2016.07.20,00:00,0.98598,0.99033,0.98500,0.98643,35769
2016.07.21,00:00,0.98644,0.99055,0.98394,0.98490,46865
2016.07.22,00:00,0.98489,0.98944,0.98426,0.98698,37599
2016.07.24,00:00,0.98691,0.98832,0.98670,0.98810,1737
2016.07.25,00:00,0.98811,0.98939,0.98487,0.98589,34811
2016.07.26,00:00,0.98590,0.99267,0.98341,0.99200,37072
2016.07.27,00:00,0.99201,0.99490,0.98455,0.98478,40233
2016.07.28,00:00,0.98472,0.98638,0.97930,0.97966,41623
2016.07.29,00:00,0.97967,0.97996,0.96346,0.96929,35711
2016.07.31,00:00,0.96885,0.96965,0.96823,0.96939,3130
2016.08.01,00:00,0.96938,0.97018,0.96630,0.96819,36012
2016.08.02,00:00,0.96821,0.96834,0.96326,0.96483,38757
2016.08.03,00:00,0.96486,0.97376,0.96482,0.97272,42127
2016.08.04,00:00,0.97273,0.97490,0.97204,0.97377,42482
2016.08.05,00:00,0.97378,0.98299,0.97260,0.98051,39035
2016.08.07,00:00,0.97934,0.98110,0.97852,0.98040,3645
2016.08.08,00:00,0.98041,0.98411,0.97888,0.98281,35768
2016.08.09,00:00,0.98282,0.98429,0.98086,0.98150,38535
2016.08.10,00:00,0.98149,0.98150,0.97335,0.97380,37841
2016.08.11,00:00,0.97381,0.97651,0.97108,0.97495,37733
2016.08.12,00:00,0.97496,0.97651,0.97076,0.97448,37074
2016.08.14,00:00,0.97378,0.97541,0.97305,0.97457,3334
2016.08.15,00:00,0.97457,0.97584,0.97125,0.97301,32483
2016.08.16,00:00,0.97301,0.97328,0.95885,0.96171,50433
2016.08.17,00:00,0.96172,0.96569,0.95961,0.96148,48934
2016.08.18,00:00,0.96147,0.96177,0.95366,0.95450,51526
2016.08.19,00:00,0.95450,0.96105,0.95449,0.96003,43467
2016.08.21,00:00,0.96099,0.96190,0.95974,0.96180,3744
2016.08.22,00:00,0.96179,0.96479,0.96104,0.96306,41411
2016.08.23,00:00,0.96308,0.96348,0.95931,0.96333,40934
2016.08.24,00:00,0.96332,0.96831,0.96258,0.96723,43089
2016.08.25,00:00,0.96725,0.96866,0.96406,0.96716,34964
2016.08.26,00:00,0.96718,0.97917,0.96307,0.97771,61467
2016.08.28,00:00,0.97794,0.97856,0.97757,0.97783,1949
2016.08.29,00:00,0.97782,0.98059,0.97641,0.97786,45575
2016.08.30,00:00,0.97787,0.98437,0.97786,0.98305,45351
2016.08.31,00:00,0.98304,0.98622,0.98172,0.98365,37105
2016.09.01,00:00,0.98362,0.98843,0.97847,0.97978,49513
2016.09.02,00:00,0.97979,0.98183,0.97386,0.98012,53480
2016.09.04,00:00,0.97999,0.98039,0.97920,0.98005,2443
2016.09.05,00:00,0.98004,0.98132,0.97716,0.98002,31496
2016.09.06,00:00,0.98003,0.98097,0.96927,0.97015,51275
2016.09.07,00:00,0.97016,0.97087,0.96694,0.96971,47562
2016.09.08,00:00,0.96974,0.97367,0.96488,0.97181,56092
2016.09.09,00:00,0.97182,0.97836,0.97096,0.97509,48691
2016.09.11,00:00,0.97472,0.97534,0.97456,0.97482,2801
2016.09.12,00:00,0.97483,0.97623,0.96899,0.97145,54210
2016.09.13,00:00,0.97144,0.97839,0.97065,0.97681,54142
2016.09.14,00:00,0.97682,0.97890,0.97054,0.97324,52904
2016.09.15,00:00,0.97325,0.97667,0.96938,0.97121,56527
2016.09.16,00:00,0.97120,0.98172,0.97107,0.97985,49029
2016.09.18,00:00,0.97951,0.98043,0.97924,0.97971,4154
2016.09.19,00:00,0.97971,0.98181,0.97826,0.98012,39316
2016.09.20,00:00,0.98013,0.98097,0.97614,0.97903,47939
2016.09.21,00:00,0.97902,0.98135,0.97199,0.97361,57800
2016.09.22,00:00,0.97361,0.97404,0.96593,0.96912,56448
2016.09.23,00:00,0.96912,0.97416,0.96878,0.96996,48833
2016.09.25,00:00,0.96949,0.97039,0.96897,0.96925,3163
2016.09.26,00:00,0.96926,0.97081,0.96607,0.96906,41318
2016.09.27,00:00,0.96907,0.97281,0.96605,0.97053,48661
2016.09.28,00:00,0.97054,0.97360,0.96908,0.97049,45601
2016.09.29,00:00,0.97049,0.97228,0.96394,0.96607,49548
2016.09.30,00:00,0.96608,0.97539,0.96470,0.97126,58098
2016.10.02,00:00,0.97115,0.97236,0.96948,0.97194,4593
2016.10.03,00:00,0.97194,0.97438,0.97037,0.97384,40955
2016.10.04,00:00,0.97383,0.98282,0.97375,0.97838,63016
2016.10.05,00:00,0.97838,0.97892,0.97326,0.97404,49401
2016.10.06,00:00,0.97404,0.98179,0.97368,0.98046,50105
2016.10.07,00:00,0.98045,0.98383,0.97668,0.97702,68557
2016.10.09,00:00,0.97762,0.97858,0.97694,0.97755,3699
2016.10.10,00:00,0.97759,0.98385,0.97716,0.98210,36382
2016.10.11,00:00,0.98210,0.98926,0.98210,0.98806,50776
2016.10.12,00:00,0.98806,0.99090,0.98756,0.99013,53031
2016.10.13,00:00,0.99012,0.99087,0.98588,0.98658,52160
2016.10.14,00:00,0.98657,0.99042,0.98552,0.99017,45039
2016.10.16,00:00,0.99008,0.99059,0.99004,0.99041,1240
2016.10.17,00:00,0.99040,0.99058,0.98710,0.98800,42071
2016.10.18,00:00,0.98801,0.99136,0.98661,0.99015,42313
2016.10.19,00:00,0.99014,0.99044,0.98742,0.98906,44604
2016.10.20,00:00,0.98907,0.99327,0.98419,0.99256,50258
2016.10.21,00:00,0.99257,0.99609,0.99257,0.99310,41097
2016.10.23,00:00,0.99456,0.99457,0.99361,0.99421,2685
2016.10.24,00:00,0.99422,0.99557,0.99150,0.99393,39877
2016.10.25,00:00,0.99392,0.99980,0.99320,0.99462,41753
2016.10.26,00:00,0.99462,0.99576,0.99028,0.99338,39674
2016.10.27,00:00,0.99338,0.99502,0.99112,0.99374,41133
2016.10.28,00:00,0.99373,0.99495,0.98573,0.98747,47151
2016.10.30,00:00,0.98694,0.98803,0.98686,0.98753,2229
2016.10.31,00:00,0.98754,0.99067,0.98732,0.98918,36276
2016.11.01,00:00,0.98918,0.98979,0.97279,0.97519,50311
2016.11.02,00:00,0.97517,0.97534,0.96947,0.97305,55267
2016.11.03,00:00,0.97306,0.97595,0.96947,0.97445,55432
2016.11.04,00:00,0.97446,0.97576,0.96791,0.96809,43951
2016.11.06,00:00,0.97715,0.97809,0.97335,0.97444,4948
2016.11.07,00:00,0.97445,0.97887,0.97293,0.97407,43254
2016.11.08,00:00,0.97406,0.98230,0.97347,0.97952,42169
2016.11.09,00:00,0.97951,0.98485,0.95492,0.98452,136308
2016.11.10,00:00,0.98453,0.98958,0.98201,0.98718,75850
2016.11.11,00:00,0.98720,0.98922,0.98315,0.98749,70673
2016.11.13,00:00,0.98892,0.98985,0.98819,0.98962,6293
2016.11.14,00:00,0.98964,1.00011,0.98936,0.99714,78959
2016.11.15,00:00,0.99714,1.00238,0.99284,1.00145,68186
2016.11.16,00:00,1.00146,1.00571,0.99832,1.00086,66442
2016.11.17,00:00,1.00086,1.00743,0.99938,1.00743,65973
2016.11.18,00:00,1.00746,1.01221,1.00597,1.00997,72531
2016.11.20,00:00,1.01016,1.01134,1.00979,1.01104,3316
2016.11.21,00:00,1.01102,1.01160,1.00742,1.00778,68323
2016.11.22,00:00,1.00780,1.01336,1.00671,1.01074,66328
2016.11.23,00:00,1.01076,1.01812,1.00913,1.01740,63559
2016.11.24,00:00,1.01741,1.01908,1.01445,1.01680,55507
2016.11.25,00:00,1.01680,1.01852,1.01044,1.01391,75149
2016.11.27,00:00,1.01257,1.01404,1.01063,1.01257,3355
2016.11.28,00:00,1.01259,1.01670,1.00785,1.01219,70533
2016.11.29,00:00,1.01223,1.01754,1.01100,1.01163,63525
2016.11.30,00:00,1.01164,1.02040,1.01064,1.01696,75542
2016.12.01,00:00,1.01699,1.01730,1.00992,1.01054,78308
2016.12.02,00:00,1.01056,1.01219,1.00693,1.00997,67736
2016.12.04,00:00,1.01123,1.01813,1.01062,1.01449,15700
2016.12.05,00:00,1.01450,1.01769,1.00497,1.00697,75346
2016.12.06,00:00,1.00695,1.01145,1.00490,1.00994,50727
2016.12.07,00:00,1.00995,1.01090,1.00653,1.00682,46822
2016.12.08,00:00,1.00682,1.01772,1.00189,1.01587,81579
2016.12.09,00:00,1.01586,1.02128,1.01527,1.01659,54612
2016.12.11,00:00,1.01869,1.01885,1.01649,1.01799,3354
2016.12.12,00:00,1.01798,1.01981,1.01235,1.01301,63395
2016.12.13,00:00,1.01304,1.01454,1.00997,1.01177,66873
2016.12.14,00:00,1.01176,1.02228,1.00829,1.02228,102242
2016.12.15,00:00,1.02229,1.03429,1.02145,1.02972,133655
2016.12.16,00:00,1.02972,1.03108,1.02411,1.02642,104417
2016.12.18,00:00,1.02649,1.02726,1.02580,1.02673,5752
2016.12.19,00:00,1.02673,1.02822,1.02207,1.02719,96031
2016.12.20,00:00,1.02716,1.03197,1.02594,1.02893,82350
2016.12.21,00:00,1.02891,1.02951,1.02264,1.02660,65146
2016.12.22,00:00,1.02659,1.02688,1.02179,1.02565,68234
2016.12.23,00:00,1.02564,1.02801,1.02427,1.02610,64533
2016.12.25,00:00,1.02564,1.02801,1.02427,1.02610,64533
2016.12.26,00:00,1.02564,1.02801,1.02427,1.02610,64533
2016.12.27,00:00,1.02672,1.02973,1.02672,1.02764,60016
2016.12.28,00:00,1.02765,1.03206,1.02641,1.02833,44070
2016.12.29,00:00,1.02831,1.02835,1.00598,1.01710,79205
2016.12.30,00:00,1.01707,1.02304,1.01419,1.01823,100587
2017.01.01,00:00,1.01707,1.02304,1.01419,1.01823,100587
2017.01.02,00:00,1.01707,1.02304,1.01419,1.01823,100587
2017.01.03,00:00,1.02428,1.03343,1.02101,1.02613,59389
2017.01.04,00:00,1.02612,1.02905,1.01996,1.02025,63745
2017.01.05,00:00,1.02024,1.02203,1.00864,1.00981,64451
2017.01.06,00:00,1.00983,1.01832,1.00958,1.01728,52844
2017.01.08,00:00,1.01720,1.01784,1.01685,1.01741,1580
2017.01.09,00:00,1.01742,1.01968,1.01285,1.01424,46021
2017.01.10,00:00,1.01424,1.01773,1.01099,1.01683,59830
2017.01.11,00:00,1.01682,1.02473,1.01009,1.01323,70437
2017.01.12,00:00,1.01324,1.01488,1.00557,1.01038,71624
2017.01.13,00:00,1.01038,1.01207,1.00408,1.00846,58375
2017.01.15,00:00,1.01017,1.01122,1.00901,1.00992,3666
2017.01.16,00:00,1.00991,1.01360,1.00899,1.01112,37255
2017.01.17,00:00,1.01110,1.01159,0.99958,1.00294,59460
2017.01.18,00:00,1.00294,1.00817,1.00086,1.00780,58806
2017.01.19,00:00,1.00780,1.01214,1.00412,1.00637,62236
2017.01.20,00:00,1.00638,1.00929,1.00133,1.00149,53397
2017.01.22,00:00,1.00140,1.00258,1.00080,1.00118,2150
2017.01.23,00:00,1.00119,1.00178,0.99596,0.99726,58346
2017.01.24,00:00,0.99726,1.00182,0.99605,1.00106,53954
2017.01.25,00:00,1.00105,1.00252,0.99656,0.99904,46967
2017.01.26,00:00,0.99903,1.00255,0.99679,0.99986,56509
2017.01.27,00:00,0.99987,1.00269,0.99692,0.99898,42982
2017.01.29,00:00,0.99676,0.99823,0.99642,0.99729,2646
2017.01.30,00:00,0.99728,1.00439,0.99332,0.99443,45268
2017.01.31,00:00,0.99441,0.99655,0.98608,0.98905,61776
2017.02.01,00:00,0.98906,0.99553,0.98831,0.99301,47818
2017.02.02,00:00,0.99305,0.99320,0.98695,0.99241,57018
2017.02.03,00:00,0.99240,0.99846,0.99063,0.99223,46905
2017.02.05,00:00,0.99128,0.99265,0.99086,0.99231,2683
2017.02.06,00:00,0.99229,0.99611,0.99034,0.99128,53721
2017.02.07,00:00,0.99129,1.00060,0.99116,0.99770,49555
2017.02.08,00:00,0.99772,0.99989,0.99293,0.99529,56340
2017.02.09,00:00,0.99531,1.00189,0.99359,1.00143,45181
2017.02.10,00:00,1.00146,1.00615,1.00091,1.00216,42167
2017.02.12,00:00,1.00258,1.00454,1.00245,1.00449,2673
2017.02.13,00:00,1.00447,1.00685,1.00183,1.00546,39840
2017.02.14,00:00,1.00544,1.00839,1.00304,1.00624,43718
2017.02.15,00:00,1.00625,1.01181,1.00464,1.00485,43771
2017.02.16,00:00,1.00487,1.00510,0.99659,0.99718,52899
2017.02.17,00:00,0.99716,1.00329,0.99691,1.00249,46559
2017.02.19,00:00,1.00251,1.00296,1.00114,1.00204,2840
2017.02.20,00:00,1.00203,1.00435,1.00165,1.00322,37299
2017.02.21,00:00,1.00322,1.01047,1.00289,1.00918,49980
2017.02.22,00:00,1.00917,1.01399,1.00775,1.01088,45852
2017.02.23,00:00,1.01087,1.01156,1.00534,1.00609,47057
2017.02.24,00:00,1.00610,1.00802,1.00248,1.00733,44446
2017.02.26,00:00,1.00602,1.00889,1.00602,1.00887,2284
2017.02.27,00:00,1.00887,1.00976,1.00453,1.00945,37467
2017.02.28,00:00,1.00944,1.01005,1.00085,1.00657,50794
2017.03.01,00:00,1.00657,1.01283,1.00524,1.01024,57855
2017.03.02,00:00,1.01024,1.01457,1.00911,1.01313,46401
2017.03.03,00:00,1.01315,1.01367,1.00738,1.00738,42209
2017.03.05,00:00,1.00798,1.00947,1.00771,1.00773,3215
2017.03.06,00:00,1.00775,1.01284,1.00723,1.01198,41306
2017.03.07,00:00,1.01198,1.01698,1.01069,1.01307,40092
2017.03.08,00:00,1.01307,1.01539,1.01228,1.01434,34892
2017.03.09,00:00,1.01434,1.01604,1.00913,1.01219,49477
2017.03.10,00:00,1.01218,1.01342,1.00783,1.01064,40947
2017.03.12,00:00,1.00983,1.01031,1.00943,1.00964,1670
2017.03.13,00:00,1.00969,1.01160,1.00600,1.00754,44705
2017.03.14,00:00,1.00753,1.01061,1.00687,1.00942,32162
2017.03.15,00:00,1.00943,1.00979,0.99852,1.00001,41346
2017.03.16,00:00,1.00001,1.00059,0.99510,0.99608,44160
2017.03.17,00:00,0.99607,0.99862,0.99417,0.99825,31560
2017.03.19,00:00,0.99715,0.99817,0.99709,0.99743,1601
2017.03.20,00:00,0.99742,1.00016,0.99568,0.99884,32723
2017.03.21,00:00,0.99883,0.99892,0.99213,0.99333,40200
2017.03.22,00:00,0.99333,0.99456,0.98814,0.99232,40529
2017.03.23,00:00,0.99233,0.99412,0.99113,0.99322,38138
2017.03.24,00:00,0.99322,0.99587,0.98888,0.99131,34550
2017.03.26,00:00,0.98895,0.98952,0.98778,0.98808,3793
2017.03.27,00:00,0.98808,0.98863,0.98130,0.98572,36237
2017.03.28,00:00,0.98571,0.99344,0.98309,0.99214,43562
2017.03.29,00:00,0.99213,0.99754,0.99126,0.99656,36979
2017.03.30,00:00,0.99656,1.00133,0.99481,1.00028,36080
2017.03.31,00:00,1.00028,1.00291,0.99941,1.00272,44886
2017.04.02,00:00,1.00196,1.00251,1.00164,1.00217,2318
2017.04.03,00:00,1.00219,1.00366,1.00074,1.00155,37683
2017.04.04,00:00,1.00154,1.00366,1.00113,1.00165,39901
2017.04.05,00:00,1.00165,1.00761,1.00119,1.00375,42374
2017.04.06,00:00,1.00376,1.00668,1.00260,1.00529,33680
2017.04.07,00:00,1.00529,1.00956,1.00222,1.00880,39015
2017.04.09,00:00,1.00841,1.00985,1.00841,1.00940,2042
2017.04.10,00:00,1.00940,1.01065,1.00741,1.00804,26970
2017.04.11,00:00,1.00804,1.00931,1.00556,1.00699,28953
2017.04.12,00:00,1.00700,1.00884,1.00197,1.00203,34774
2017.04.13,00:00,1.00203,1.00662,1.00079,1.00546,34232
2017.04.14,00:00,1.00546,1.00593,1.00276,1.00518,18840
2017.04.16,00:00,1.00235,1.00569,1.00235,1.00502,1995
2017.04.17,00:00,1.00502,1.00521,1.00092,1.00424,25795
2017.04.18,00:00,1.00424,1.00471,0.99548,0.99633,35440
2017.04.19,00:00,0.99634,0.99914,0.99558,0.99781,40081
2017.04.20,00:00,0.99781,0.99908,0.99402,0.99891,30854
2017.04.21,00:00,0.99891,0.99986,0.99532,0.99582,28897
2017.04.23,00:00,0.99096,0.99355,0.99066,0.99293,5250
2017.04.24,00:00,0.99293,0.99798,0.99286,0.99580,38786
2017.04.25,00:00,0.99581,0.99693,0.99181,0.99356,38125
2017.04.26,00:00,0.99354,0.99679,0.99189,0.99318,42684
2017.04.27,00:00,0.99318,0.99630,0.99197,0.99437,41061
2017.04.28,00:00,0.99438,0.99574,0.98930,0.99474,30536
2017.04.30,00:00,0.99328,0.99463,0.99328,0.99422,2155
2017.05.01,00:00,0.99422,0.99647,0.99275,0.99565,19228
2017.05.02,00:00,0.99566,0.99617,0.99088,0.99103,36797
2017.05.03,00:00,0.99102,0.99477,0.98904,0.99412,35239
2017.05.04,00:00,0.99413,0.99561,0.98556,0.98605,45463
2017.05.05,00:00,0.98606,0.99020,0.98582,0.98672,39839
2017.05.07,00:00,0.98684,0.98990,0.98684,0.98982,4231
2017.05.08,00:00,0.98983,0.99905,0.98817,0.99807,39307
2017.05.09,00:00,0.99807,1.00898,0.99788,1.00666,41284
2017.05.10,00:00,1.00668,1.00941,1.00478,1.00902,45104
2017.05.11,00:00,1.00903,1.00990,1.00559,1.00776,34734
2017.05.12,00:00,1.00777,1.00850,0.99867,1.00072,33523
2017.05.14,00:00,0.99982,1.00132,0.99957,1.00092,2669
2017.05.15,00:00,1.00093,1.00181,0.99553,0.99572,31551
2017.05.16,00:00,0.99571,0.99599,0.98397,0.98430,43709
2017.05.17,00:00,0.98431,0.98496,0.97738,0.97918,52861
2017.05.18,00:00,0.97916,0.98242,0.97585,0.97950,60667
2017.05.19,00:00,0.97950,0.98044,0.97249,0.97252,43902
2017.05.21,00:00,0.97331,0.97342,0.97220,0.97311,2739
2017.05.22,00:00,0.97310,0.97647,0.96912,0.97314,39910
2017.05.23,00:00,0.97314,0.97624,0.97011,0.97613,46978
2017.05.24,00:00,0.97615,0.97756,0.97219,0.97242,40525
2017.05.25,00:00,0.97241,0.97354,0.96998,0.97310,39888
2017.05.26,00:00,0.97311,0.97603,0.96958,0.97408,35209
2017.05.28,00:00,0.97483,0.97510,0.97412,0.97488,1859
2017.05.29,00:00,0.97487,0.97932,0.97308,0.97919,27421
2017.05.30,00:00,0.97918,0.98071,0.97366,0.97568,35980
2017.05.31,00:00,0.97569,0.97603,0.96672,0.96809,38111
2017.06.01,00:00,0.96810,0.97188,0.96698,0.97122,31971
2017.06.02,00:00,0.97121,0.97183,0.96217,0.96232,31714
2017.06.04,00:00,0.96362,0.96374,0.96227,0.96302,2705
2017.06.05,00:00,0.96302,0.96636,0.96296,0.96492,28182
2017.06.06,00:00,0.96493,0.96526,0.96130,0.96236,34388
2017.06.07,00:00,0.96235,0.96766,0.96193,0.96464,43794
2017.06.08,00:00,0.96464,0.96953,0.96392,0.96897,51522
2017.06.09,00:00,0.96899,0.97266,0.96746,0.96900,47069
2017.06.11,00:00,0.96845,0.96914,0.96799,0.96898,2357
2017.06.12,00:00,0.96898,0.96940,0.96692,0.96890,37189
2017.06.13,00:00,0.96891,0.97000,0.96615,0.96873,27640
2017.06.14,00:00,0.96873,0.97348,0.96401,0.97126,44270
2017.06.15,00:00,0.97126,0.97697,0.97029,0.97508,38820
2017.06.16,00:00,0.97507,0.97566,0.97262,0.97355,37075
2017.06.18,00:00,0.97276,0.97340,0.97212,0.97314,2643
2017.06.19,00:00,0.97314,0.97615,0.96949,0.97593,31627
2017.06.20,00:00,0.97595,0.97655,0.97249,0.97455,31885
2017.06.21,00:00,0.97454,0.97529,0.97189,0.97243,30935
2017.06.22,00:00,0.97245,0.97421,0.97077,0.97157,29541
2017.06.23,00:00,0.97158,0.97195,0.96752,0.96916,30010
2017.06.25,00:00,0.96945,0.96945,0.96839,0.96906,2019
2017.06.26,00:00,0.96907,0.97372,0.96863,0.97240,31779
2017.06.27,00:00,0.97242,0.97322,0.95914,0.96048,39033
2017.06.28,00:00,0.96049,0.96465,0.95783,0.95953,49162
2017.06.29,00:00,0.95954,0.95969,0.95515,0.95546,48034
2017.06.30,00:00,0.95547,0.95975,0.95533,0.95781,35519
2017.07.02,00:00,0.95816,0.95899,0.95752,0.95874,2080
2017.07.03,00:00,0.95873,0.96420,0.95863,0.96311,37909
2017.07.04,00:00,0.96313,0.96588,0.96210,0.96415,28018
2017.07.05,00:00,0.96422,0.96872,0.96340,0.96434,36357
2017.07.06,00:00,0.96433,0.96593,0.95962,0.96027,39287
2017.07.07,00:00,0.96029,0.96534,0.96019,0.96366,32832
2017.07.09,00:00,0.96337,0.96418,0.96326,0.96347,1871
2017.07.10,00:00,0.96347,0.96744,0.96293,0.96596,27158
2017.07.11,00:00,0.96596,0.96956,0.96239,0.96312,38906
2017.07.12,00:00,0.96312,0.96609,0.96019,0.96493,49566
2017.07.13,00:00,0.96494,0.96862,0.96149,0.96679,42708
2017.07.14,00:00,0.96681,0.96999,0.96284,0.96330,36141
2017.07.16,00:00,0.96291,0.96410,0.96264,0.96332,4053
2017.07.17,00:00,0.96334,0.96578,0.95942,0.96321,40900
2017.07.18,00:00,0.96319,0.96337,0.95231,0.95503,60074
2017.07.19,00:00,0.95503,0.95602,0.95283,0.95439,40340
2017.07.20,00:00,0.95441,0.96220,0.94926,0.95134,59108
2017.07.21,00:00,0.95134,0.95219,0.94378,0.94544,49638
2017.07.23,00:00,0.94502,0.94552,0.94454,0.94464,3155
2017.07.24,00:00,0.94462,0.94753,0.94447,0.94742,44519
2017.07.25,00:00,0.94741,0.95258,0.94548,0.95252,47087
2017.07.26,00:00,0.95251,0.95944,0.94969,0.95113,60803
2017.07.27,00:00,0.95116,0.96610,0.94893,0.96373,66339
2017.07.28,00:00,0.96370,0.97257,0.96341,0.96847,56767
2017.07.30,00:00,0.96824,0.96972,0.96763,0.96916,3286
2017.07.31,00:00,0.96915,0.97120,0.96362,0.96732,54980
2017.08.01,00:00,0.96734,0.96824,0.96304,0.96537,54481
2017.08.02,00:00,0.96535,0.97129,0.96479,0.97044,46030
2017.08.03,00:00,0.97043,0.97159,0.96713,0.96767,49689
2017.08.04,00:00,0.96767,0.97631,0.96706,0.97254,44992
2017.08.06,00:00,0.97237,0.97319,0.97147,0.97275,4258
2017.08.07,00:00,0.97275,0.97456,0.97105,0.97339,33278
2017.08.08,00:00,0.97339,0.97721,0.97088,0.97305,41434
2017.08.09,00:00,0.97306,0.97333,0.96110,0.96339,51868
2017.08.10,00:00,0.96340,0.96741,0.96156,0.96167,47510
2017.08.11,00:00,0.96168,0.96373,0.95822,0.96144,41608
2017.08.13,00:00,0.96215,0.96283,0.96152,0.96281,3182
2017.08.14,00:00,0.96283,0.97318,0.96226,0.97253,43019
2017.08.15,00:00,0.97253,0.97581,0.97012,0.97238,42999
2017.08.16,00:00,0.97238,0.97648,0.96452,0.96489,46369
2017.08.17,00:00,0.96494,0.96973,0.96042,0.96221,52151
2017.08.18,00:00,0.96221,0.96689,0.95856,0.96481,46601
2017.08.20,00:00,0.96474,0.96562,0.96397,0.96555,3203
2017.08.21,00:00,0.96554,0.96843,0.95999,0.96230,36486
2017.08.22,00:00,0.96230,0.96880,0.96191,0.96854,36930
2017.08.23,00:00,0.96855,0.96968,0.96395,0.96483,41174
2017.08.24,00:00,0.96484,0.96678,0.96194,0.96518,42644
2017.08.25,00:00,0.96521,0.96617,0.95496,0.95639,40691
2017.08.27,00:00,0.95455,0.95554,0.95413,0.95536,3109
2017.08.28,00:00,0.95536,0.95773,0.94979,0.95236,40010
2017.08.29,00:00,0.95237,0.95684,0.94272,0.95568,55863
2017.08.30,00:00,0.95569,0.96445,0.95381,0.96369,51891
2017.08.31,00:00,0.96368,0.96788,0.95745,0.95951,51785
2017.09.01,00:00,0.95952,0.96516,0.95453,0.96424,42405
2017.09.03,00:00,0.95955,0.96139,0.95886,0.96080,4429
2017.09.04,00:00,0.96081,0.96170,0.95508,0.95877,42154
2017.09.05,00:00,0.95875,0.96135,0.95334,0.95365,58433
2017.09.06,00:00,0.95366,0.95926,0.95272,0.95567,50661
2017.09.07,00:00,0.95567,0.95689,0.94934,0.94954,55271
2017.09.08,00:00,0.94953,0.95001,0.94195,0.94396,55083
2017.09.10,00:00,0.94684,0.94768,0.94609,0.94750,3389
2017.09.11,00:00,0.94751,0.95684,0.94751,0.95624,48199
2017.09.12,00:00,0.95623,0.96172,0.95459,0.96000,50663
2017.09.13,00:00,0.96001,0.96598,0.95831,0.96362,46774
2017.09.14,00:00,0.96361,0.97041,0.96130,0.96136,58617
2017.09.15,00:00,0.96137,0.96462,0.95643,0.95936,44740
2017.09.17,00:00,0.96011,0.96086,0.95949,0.96068,2277
2017.09.18,00:00,0.96068,0.96400,0.95796,0.96136,42644
2017.09.19,00:00,0.96137,0.96476,0.95944,0.96246,55156
2017.09.20,00:00,0.96247,0.97170,0.95881,0.97118,51087
2017.09.21,00:00,0.97119,0.97469,0.96845,0.97024,46639
2017.09.22,00:00,0.97025,0.97069,0.96679,0.96930,49292
2017.09.24,00:00,0.97081,0.97100,0.96985,0.97071,3165
2017.09.25,00:00,0.97071,0.97453,0.96417,0.96616,43948
2017.09.26,00:00,0.96613,0.97262,0.96521,0.96933,47077
2017.09.27,00:00,0.96936,0.97687,0.96928,0.97184,55108
2017.09.28,00:00,0.97185,0.97582,0.96941,0.97058,46807
2017.09.29,00:00,0.97058,0.97199,0.96694,0.96767,39393
2017.10.01,00:00,0.96848,0.96931,0.96778,0.96818,2504
2017.10.02,00:00,0.96820,0.97537,0.96819,0.97436,42479
2017.10.03,00:00,0.97439,0.97854,0.97280,0.97304,44838
2017.10.04,00:00,0.97305,0.97610,0.97092,0.97527,38049
2017.10.05,00:00,0.97528,0.97947,0.97422,0.97819,40336
2017.10.06,00:00,0.97819,0.98354,0.97701,0.97750,36218
2017.10.08,00:00,0.97828,0.97834,0.97732,0.97779,2264
2017.10.09,00:00,0.97780,0.98066,0.97741,0.97962,24183
2017.10.10,00:00,0.97962,0.97983,0.97346,0.97454,37553
2017.10.11,00:00,0.97455,0.97662,0.97164,0.97309,47100
2017.10.12,00:00,0.97310,0.97627,0.97111,0.97493,45440
2017.10.13,00:00,0.97494,0.97706,0.97045,0.97431,35173
2017.10.15,00:00,0.97444,0.97527,0.97395,0.97454,1503
2017.10.16,00:00,0.97456,0.97683,0.97289,0.97532,39667
2017.10.17,00:00,0.97531,0.98081,0.97527,0.97787,45281
2017.10.18,00:00,0.97789,0.98353,0.97731,0.98109,38402
2017.10.19,00:00,0.98108,0.98112,0.97363,0.97616,44970
2017.10.20,00:00,0.97618,0.98517,0.97561,0.98416,43588
2017.10.22,00:00,0.98508,0.98628,0.98446,0.98582,3104
2017.10.23,00:00,0.98579,0.98804,0.98304,0.98455,37047
2017.10.24,00:00,0.98450,0.99110,0.98376,0.99082,48322
2017.10.25,00:00,0.99083,0.99388,0.98682,0.98886,56110
2017.10.26,00:00,0.98887,0.99820,0.98752,0.99791,50221
2017.10.27,00:00,0.99792,1.00372,0.99695,0.99757,50182
2017.10.29,00:00,0.99715,0.99869,0.99678,0.99794,2840
2017.10.30,00:00,0.99794,0.99957,0.99381,0.99480,48322
2017.10.31,00:00,0.99479,0.99938,0.99465,0.99763,44715
2017.11.01,00:00,0.99762,1.00369,0.99752,1.00252,44813
2017.11.02,00:00,1.00253,1.00253,0.99488,0.99920,47555
2017.11.03,00:00,0.99920,1.00236,0.99449,1.00016,40032
2017.11.05,00:00,0.99965,1.00060,0.99882,1.00022,2318
2017.11.06,00:00,1.00022,1.00282,0.99699,0.99772,37317
2017.11.07,00:00,0.99772,1.00186,0.99724,0.99825,39255
2017.11.08,00:00,0.99826,1.00056,0.99803,0.99978,40766
2017.11.09,00:00,0.99978,1.00168,0.99209,0.99388,53577
2017.11.10,00:00,0.99385,0.99676,0.99246,0.99572,39826
2017.11.12,00:00,0.99637,0.99660,0.99520,0.99655,2831
2017.11.13,00:00,0.99655,0.99861,0.99359,0.99639,35152
2017.11.14,00:00,0.99640,0.99698,0.98811,0.98965,33654
2017.11.15,00:00,0.98965,0.99102,0.98456,0.98842,53039
2017.11.16,00:00,0.98843,0.99446,0.98819,0.99342,47095
2017.11.17,00:00,0.99343,0.99350,0.98753,0.98825,49287
2017.11.19,00:00,0.98842,0.98999,0.98796,0.98945,4577
2017.11.20,00:00,0.98945,0.99364,0.98781,0.99321,51506
2017.11.21,00:00,0.99321,0.99460,0.98984,0.99048,36945
2017.11.22,00:00,0.99048,0.99101,0.98081,0.98208,50342
2017.11.23,00:00,0.98207,0.98272,0.97944,0.98158,41805
2017.11.24,00:00,0.98158,0.98264,0.97849,0.97929,38931
2017.11.26,00:00,0.97849,0.98044,0.97813,0.98029,3054
2017.11.27,00:00,0.98028,0.98188,0.97779,0.98124,45906
2017.11.28,00:00,0.98124,0.98519,0.98017,0.98402,54226
2017.11.29,00:00,0.98402,0.98690,0.98180,0.98443,53029
2017.11.30,00:00,0.98444,0.98813,0.98152,0.98393,55224
2017.12.01,00:00,0.98392,0.98697,0.97343,0.97561,61930
2017.12.03,00:00,0.98150,0.98236,0.97928,0.98227,3130
2017.12.04,00:00,0.98228,0.98661,0.98106,0.98459,53051
2017.12.05,00:00,0.98460,0.98867,0.98365,0.98745,50014
2017.12.06,00:00,0.98745,0.99087,0.98543,0.98924,49450
2017.12.07,00:00,0.98925,0.99467,0.98909,0.99464,45282
2017.12.08,00:00,0.99465,0.99769,0.99224,0.99254,43455
2017.12.10,00:00,0.99375,0.99403,0.99230,0.99288,1730
2017.12.11,00:00,0.99287,0.99297,0.98965,0.99133,41092
2017.12.12,00:00,0.99134,0.99350,0.98896,0.99141,40526
2017.12.13,00:00,0.99141,0.99275,0.98416,0.98544,48388
2017.12.14,00:00,0.98544,0.99035,0.98393,0.98894,52564
2017.12.15,00:00,0.98893,0.99336,0.98728,0.99039,47051
2017.12.17,00:00,0.98983,0.99116,0.98944,0.99114,3153
2017.12.18,00:00,0.99111,0.99164,0.98390,0.98560,34092
2017.12.19,00:00,0.98559,0.98780,0.98339,0.98547,35226
2017.12.20,00:00,0.98548,0.98846,0.98278,0.98622,34057
2017.12.21,00:00,0.98622,0.99089,0.98544,0.98873,30778
2017.12.22,00:00,0.98873,0.99106,0.98800,0.98800,29919
2017.12.24,00:00,0.98873,0.99106,0.98800,0.98800,29919
2017.12.25,00:00,0.98873,0.99106,0.98800,0.98800,29919
2017.12.26,00:00,0.98916,0.99143,0.98839,0.98970,12818
2017.12.27,00:00,0.98972,0.99027,0.98500,0.98580,29337
2017.12.28,00:00,0.98581,0.98594,0.97708,0.97872,36029
2017.12.29,00:00,0.97873,0.97885,0.97334,0.97413,27905
2017.12.31,00:00,0.97360,0.97389,0.96988,0.97143,27070
2018.01.01,00:00,0.97360,0.97389,0.96988,0.97143,27070
2018.01.02,00:00,0.97360,0.97389,0.96988,0.97143,27070
2018.01.03,00:00,0.97145,0.97967,0.97139,0.97708,27387
2018.01.04,00:00,0.97708,0.97798,0.97346,0.97446,28850
2018.01.05,00:00,0.97446,0.97838,0.97386,0.97436,27515
2018.01.07,00:00,0.97453,0.97549,0.97387,0.97499,1707
2018.01.08,00:00,0.97499,0.97835,0.97452,0.97733,25108
2018.01.09,00:00,0.97733,0.98409,0.97649,0.98388,29877
2018.01.10,00:00,0.98387,0.98448,0.97532,0.97739,41041
2018.01.11,00:00,0.97739,0.98153,0.97314,0.97555,39409
2018.01.12,00:00,0.97554,0.97700,0.96647,0.96692,42511
2018.01.14,00:00,0.96736,0.96825,0.96671,0.96812,2029
2018.01.15,00:00,0.96812,0.96843,0.96024,0.96320,38816
2018.01.16,00:00,0.96319,0.96646,0.95806,0.95910,40748
2018.01.17,00:00,0.95911,0.96647,0.95720,0.96513,49590
2018.01.18,00:00,0.96512,0.96561,0.95743,0.95895,44856
2018.01.19,00:00,0.95894,0.96413,0.95351,0.96407,42487
2018.01.21,00:00,0.96086,0.96264,0.96009,0.96150,2541
2018.01.22,00:00,0.96151,0.96391,0.95919,0.96204,36127
2018.01.23,00:00,0.96204,0.96328,0.95643,0.95671,39242
2018.01.24,00:00,0.95672,0.95755,0.94262,0.94637,48192
2018.01.25,00:00,0.94636,0.94657,0.92885,0.94173,66593
2018.01.26,00:00,0.94173,0.94243,0.93230,0.93329,54976
2018.01.28,00:00,0.93303,0.93481,0.93303,0.93340,2592
2018.01.29,00:00,0.93342,0.93861,0.93342,0.93737,48835
2018.01.30,00:00,0.93738,0.93927,0.93095,0.93460,51530
2018.01.31,00:00,0.93459,0.93583,0.92887,0.93126,53039
2018.02.01,00:00,0.93125,0.93410,0.92554,0.92596,50556
2018.02.02,00:00,0.92597,0.93357,0.92575,0.93087,51698
2018.02.04,00:00,0.93201,0.93268,0.93075,0.93120,3470
2018.02.05,00:00,0.93121,0.93756,0.92866,0.93130,53018
2018.02.06,00:00,0.93129,0.93971,0.93059,0.93611,69602
2018.02.07,00:00,0.93611,0.94536,0.93393,0.94247,51687
2018.02.08,00:00,0.94247,0.94691,0.93476,0.93507,59909
2018.02.09,00:00,0.93507,0.94080,0.93507,0.93934,55884
2018.02.11,00:00,0.93955,0.94033,0.93910,0.93963,2122
2018.02.12,00:00,0.93963,0.94008,0.93629,0.93873,37930
2018.02.13,00:00,0.93874,0.93978,0.93218,0.93524,38584
2018.02.14,00:00,0.93524,0.93734,0.92720,0.92747,48461
2018.02.15,00:00,0.92748,0.92905,0.92095,0.92220,45563
2018.02.16,00:00,0.92219,0.92868,0.91870,0.92732,42314
2018.02.18,00:00,0.92724,0.92784,0.92633,0.92721,1462
2018.02.19,00:00,0.92720,0.93191,0.92622,0.92930,32211
2018.02.20,00:00,0.92931,0.93685,0.92889,0.93621,37329
2018.02.21,00:00,0.93624,0.93959,0.93423,0.93866,42810
2018.02.22,00:00,0.93868,0.94083,0.93215,0.93313,38470
2018.02.23,00:00,0.93312,0.93733,0.93271,0.93595,33139
2018.02.25,00:00,0.93620,0.93732,0.93548,0.93712,2199
2018.02.26,00:00,0.93713,0.93904,0.93249,0.93861,34404
2018.02.27,00:00,0.93862,0.94165,0.93576,0.93943,40839
2018.02.28,00:00,0.93944,0.94576,0.93870,0.94443,40254
2018.03.01,00:00,0.94444,0.94897,0.94095,0.94144,60266
2018.03.02,00:00,0.94142,0.94238,0.93378,0.93708,69123
2018.03.04,00:00,0.93463,0.93787,0.93452,0.93706,4385
2018.03.05,00:00,0.93706,0.94075,0.93525,0.93975,67828
2018.03.06,00:00,0.93976,0.94182,0.93591,0.93796,44379
